NAICS code,caption,trir,dart
11,"Agriculture, forestry, fishing and hunting",5.0,3.0
111,Crop production,5.2,3.1
1111,Oilseed and grain farming,2.9,1.7
1112,Vegetable and melon farming,4.6,2.6
1113,Fruit and tree nut farming,6.4,3.7
1114,"Greenhouse, nursery, and floriculture production",5.1,3.1
1119,Other crop farming,3.7,2.4
112,Animal production and aquaculture,6.1,3.8
1121,Cattle ranching and farming,5.8,3.4
11211,"Beef cattle ranching and farming, including feedlots",6.8,3.9
11212,Dairy cattle and milk production,5.5,3.3
1122,Hog and pig farming,7.7,4.4
1123,Poultry and egg production,6.1,4.5
1125,Aquaculture,3.9,2.5
113,Forestry and logging,3.1,1.6
1133,Logging,2.8,1.3
114,"Fishing, hunting and trapping",0,0
1142,Hunting and trapping,0,0
115,Support activities for agriculture and forestry,4.5,2.6
1151,Support activities for crop production,4.7,2.8
11511,Support activities for crop production,4.7,2.8
115111,Cotton ginning,3.8,1.5
115112,"Soil preparation, planting, and cultivating",3.2,2.3
115113,"Crop harvesting, primarily by machine",3.9,1.8
115114,Postharvest crop activities (except cotton ginning),5.6,3.4
115115,Farm labor contractors and crew leaders,4.5,2.7
115116,Farm management services,5.9,2.9
1152,Support activities for animal production,3.8,2.1
1153,Support activities for forestry,2.1,0.9
21,"Mining, quarrying, and oil and gas extraction",1.5,1.0
211,Oil and gas extraction,1.0,0.6
2111,Oil and gas extraction,1.0,0.6
21111,Oil and gas extraction,1.0,0.6
211111,Crude petroleum and natural gas extraction,1.0,0.7
212,Mining (except oil and gas),2.4,1.6
2121,Coal mining,3.7,2.5
21211,Coal mining,3.7,2.5
212111,Bituminous coal and lignite surface mining,1.5,0.9
212112,Bituminous coal underground mining,5.5,3.7
212113,Anthracite mining,4.9,3.5
2122,Metal ore mining,1.8,1.3
21221,Iron ore mining,2.1,1.4
21222,Gold ore and silver ore mining,1.4,1.0
212221,Gold ore mining,1.2,0.9
212222,Silver ore mining,3.2,1.8
21223,"Copper, nickel, lead, and zinc mining",2.3,1.6
212231,Lead ore and zinc ore mining,3.9,3.0
212234,Copper ore and nickel ore mining,2.0,1.3
21229,Other metal ore mining,1.9,1.3
212291,Uranium-radium-vanadium ore mining,0,0
212299,All other metal ore mining,1.9,1.2
2123,Nonmetallic mineral mining and quarrying,1.9,1.3
21231,Stone mining and quarrying,1.9,1.3
212311,Dimension stone mining and quarrying,2.2,1.8
212312,Crushed and broken limestone mining and quarrying,1.8,1.2
212313,Crushed and broken granite mining and quarrying,1.6,1.1
212319,Other crushed and broken stone mining and quarrying,2.1,1.5
21232,"Sand, gravel, clay, and ceramic and refractory minerals mining and quarrying",1.9,1.3
212321,Construction sand and gravel mining,1.9,1.3
212324,Kaolin and ball clay mining,1.4,1.1
212325,Clay and ceramic and refractory minerals mining,2.8,1.7
21239,Other nonmetallic mineral mining and quarrying,1.6,1.1
212391,"Potash, soda, and borate mineral mining",1.3,0.8
212392,Phosphate rock mining,1.4,0.9
212393,Other chemical and fertilizer mineral mining,2.3,1.6
212399,All other nonmetallic mineral mining,1.5,1.1
213,Support activities for mining,1.2,0.8
2131,Support activities for mining,1.2,0.8
21311,Support activities for mining,1.2,0.8
213111,Drilling oil and gas wells,1.3,0.7
213112,Support activities for oil and gas operations,1.2,0.9
23,Construction,3.1,1.8
236,Construction of buildings,3.0,1.6
2361,Residential building construction,3.3,1.9
2362,Nonresidential building construction,2.7,1.4
237,Heavy and civil engineering construction,2.5,1.5
2371,Utility system construction,2.2,1.3
23711,Water and sewer line and related structures construction,3.0,1.8
23712,Oil and gas pipeline and related structures construction,0.8,0.4
23713,Power and communication line and related structures construction,2.6,1.7
2372,Land subdivision,2.5,1.2
2373,"Highway, street, and bridge construction",3.2,1.9
2379,Other heavy and civil engineering construction,1.7,1.3
238,Specialty trade contractors,3.3,2.0
2381,"Foundation, structure, and building exterior contractors",4.3,2.7
23811,Poured concrete foundation and structure contractors,3.9,2.6
23812,Structural steel and precast concrete contractors,4.9,2.9
23813,Framing contractors,7.5,4.8
23814,Masonry contractors,3.1,1.8
23815,Glass and glazing contractors,3.8,2.5
23816,Roofing contractors,4.4,2.9
23817,Siding contractors,3.9,3.1
23819,"Other foundation, structure, and building exterior contractors",3.4,1.1
2382,Building equipment contractors,3.0,1.6
23821,Electrical contractors and other wiring installation contractors,2.2,1.2
23822,"Plumbing, heating, and air-conditioning contractors",3.7,2.0
23829,Other building equipment contractors,2.3,1.5
2383,Building finishing contractors,3.4,2.2
23831,Drywall and insulation contractors,3.8,2.4
23832,Painting and wall covering contractors,3.3,2.5
23833,Flooring contractors,3.3,1.9
23834,Tile and terrazzo contractors,2.7,2.3
23835,Finish carpentry contractors,2.3,1.7
23839,Other building finishing contractors,4.5,1.9
2389,Other specialty trade contractors,2.8,1.8
23891,Site preparation contractors,2.7,1.8
23899,All other specialty trade contractors,3.0,1.7
31-33,Manufacturing,3.5,2.0
311,Food manufacturing,4.5,3.1
3111,Animal food manufacturing,4.3,2.7
31111,Animal food manufacturing,4.3,2.7
311111,Dog and cat food manufacturing,3.1,1.9
311119,Other animal food manufacturing,5.3,3.4
3112,Grain and oilseed milling,3.5,2.1
31121,Flour milling and malt manufacturing,3.2,1.9
311211,Flour milling,3.1,2.0
311212,Rice milling,4.2,2.1
31122,Starch and vegetable fats and oils manufacturing,3.0,1.9
311221,Wet corn milling,1.3,0.8
311224,Soybean and other oilseed processing,5.9,3.7
311225,Fats and oils refining and blending,2.8,1.9
3113,Sugar and confectionery product manufacturing,4.5,3.0
31131,Sugar manufacturing,5.8,3.2
311313,Beet sugar manufacturing,7.8,3.8
311314,Cane sugar manufacturing,3.8,2.6
31134,Nonchocolate confectionery manufacturing,5.1,3.2
31135,Chocolate and confectionery manufacturing,3.8,2.8
311352,Confectionery manufacturing from purchased chocolate,4.3,3.3
3114,Fruit and vegetable preserving and specialty food manufacturing,4.6,3.0
31141,Frozen food manufacturing,4.3,3.1
311411,"Frozen fruit, juice, and vegetable manufacturing",5.5,3.4
311412,Frozen specialty food manufacturing,3.7,2.9
31142,"Fruit and vegetable canning, pickling, and drying",4.8,3.0
311421,Fruit and vegetable canning,5.0,3.1
311422,Specialty canning,2.6,1.6
311423,Dried and dehydrated food manufacturing,6.2,3.7
3115,Dairy product manufacturing,4.9,3.4
31151,Dairy product (except frozen) manufacturing,4.7,3.4
311511,Fluid milk manufacturing,4.6,3.4
311512,Creamery butter manufacturing,7.0,5.7
311513,Cheese manufacturing,5.2,3.6
311514,"Dry, condensed, and evaporated dairy product manufacturing",3.4,2.2
31152,Ice cream and frozen dessert manufacturing,5.8,3.3
3116,Animal slaughtering and processing,4.8,3.5
31161,Animal slaughtering and processing,4.8,3.5
311611,Animal (except poultry) slaughtering,6.4,4.6
311612,Meat processed from carcasses,4.8,3.6
311613,Rendering and meat byproduct processing,6.8,5.0
311615,Poultry processing,3.8,2.7
3117,Seafood product preparation and packaging,7.0,4.6
3118,Bakeries and tortilla manufacturing,3.7,2.5
31181,Bread and bakery product manufacturing,3.8,2.5
311811,Retail bakeries,1.7,1.1
311812,Commercial bakeries,4.7,3.1
311813,"Frozen cakes, pies, and other pastries manufacturing",3.6,2.7
31182,"Cookie, cracker, and pasta manufacturing",3.6,2.3
311821,Cookie and cracker manufacturing,3.1,1.8
311824,"Dry pasta, dough, and flour mixes manufacturing from purchased flour",4.5,3.0
31183,Tortilla manufacturing,3.5,2.6
3119,Other food manufacturing,4.3,2.9
31191,Snack food manufacturing,4.7,3.0
311911,Roasted nuts and peanut butter manufacturing,7.3,4.0
311919,Other snack food manufacturing,3.8,2.7
31192,Coffee and tea manufacturing,3.4,1.9
31193,Flavoring syrup and concentrate manufacturing,1.6,0.9
31194,Seasoning and dressing manufacturing,3.2,2.4
311941,"Mayonnaise, dressing, and other prepared sauce manufacturing",2.4,1.6
311942,Spice and extract manufacturing,3.7,2.9
31199,All other food manufacturing,5.2,3.5
311991,Perishable prepared food manufacturing,5.9,4.2
311999,All other miscellaneous food manufacturing,4.1,2.5
312,Beverage and tobacco product manufacturing,5.0,3.3
3121,Beverage manufacturing,5.2,3.4
31211,Soft drink and ice manufacturing,6.4,4.7
312111,Soft drink manufacturing,6.6,4.7
312112,Bottled water manufacturing,5.9,4.6
312113,Ice manufacturing,5.2,4.1
31212,Breweries,3.1,1.4
31213,Wineries,0,3.0
31214,Distilleries,3.4,2.1
3122,Tobacco manufacturing,2.7,1.9
313,Textile mills,3.1,1.7
3131,"Fiber, yarn, and thread mills",3.0,1.4
3132,Fabric mills,3.3,1.7
31321,Broadwoven fabric mills,2.7,1.4
31323,Nonwoven fabric mills,3.3,1.9
31324,Knit fabric mills,3.7,2.1
3133,Textile and fabric finishing and fabric coating mills,2.8,1.8
31331,Textile and fabric finishing mills,2.1,1.4
31332,Fabric coating mills,4.8,3.1
314,Textile product mills,2.8,1.7
3141,Textile furnishings mills,3.0,1.9
31411,Carpet and rug mills,2.5,1.6
31412,Curtain and linen mills,4.0,2.4
3149,Other textile product mills,2.6,1.5
31491,Textile bag and canvas mills,3.5,2.2
31499,All other textile product mills,2.2,1.1
315,Apparel manufacturing,2.4,1.4
3151,Apparel knitting mills,2.5,1.5
31511,Hosiery and sock mills,2.8,1.8
31519,Other apparel knitting mills,2.0,1.0
3152,Cut and sew apparel manufacturing,2.3,1.3
31521,Cut and sew apparel contractors,1.1,0.6
31522,Mens and boys cut and sew apparel manufacturing,2.9,1.6
31528,Other cut and sew apparel manufacturing,3.3,2.0
3159,Apparel accessories and other apparel manufacturing,2.9,2.1
316,Leather and allied product manufacturing,3.6,2.3
3161,Leather and hide tanning and finishing,5.2,3.3
3162,Footwear manufacturing,4.2,2.6
3169,Other leather and allied product manufacturing,2.2,1.4
31699,Other leather and allied product manufacturing,2.2,1.4
316992,Womens handbag and purse manufacturing,3.7,0
316998,All other leather good and allied product manufacturing,2.0,1.5
321,Wood product manufacturing,5.6,3.2
3211,Sawmills and wood preservation,5.6,3.3
32111,Sawmills and wood preservation,5.6,3.3
321113,Sawmills,5.9,3.5
321114,Wood preservation,2.2,1.3
3212,"Veneer, plywood, and engineered wood product manufacturing",4.9,3.2
32121,"Veneer, plywood, and engineered wood product manufacturing",4.9,3.2
321211,Hardwood veneer and plywood manufacturing,5.4,3.8
321212,Softwood veneer and plywood manufacturing,3.2,1.8
321213,Engineered wood member (except truss) manufacturing,4.9,3.4
321214,Truss manufacturing,6.5,4.3
321219,Reconstituted wood product manufacturing,2.3,1.3
3219,Other wood product manufacturing,5.9,3.2
32191,Millwork,4.4,2.5
321911,Wood window and door manufacturing,4.1,2.3
321912,"Cut stock, resawing lumber, and planing",5.4,3.5
321918,Other millwork (including flooring),4.3,2.4
32192,Wood container and pallet manufacturing,8.3,4.1
32199,All other wood product manufacturing,6.4,3.6
321991,Manufactured home (mobile home) manufacturing,8.2,4.2
321992,Prefabricated wood building manufacturing,5.6,2.9
321999,All other miscellaneous wood product manufacturing,5.0,3.3
322,Paper manufacturing,2.5,1.5
3221,"Pulp, paper, and paperboard mills",1.9,1.1
32211,Pulp mills,1.5,0.8
32212,Paper mills,1.9,1.1
322121,Paper (except newsprint) mills,1.9,1.1
322122,Newsprint mills,2.3,0.9
32213,Paperboard mills,2.0,1.2
3222,Converted paper product manufacturing,2.8,1.7
32221,Paperboard container manufacturing,2.8,1.7
322211,Corrugated and solid fiber box manufacturing,2.7,1.6
322212,Folding paperboard box manufacturing,2.6,1.8
32222,Paper bag and coated and treated paper manufacturing,3.2,2.1
32223,Stationery product manufacturing,3.6,2.2
32229,Other converted paper product manufacturing,1.9,1.0
322299,All other converted paper product manufacturing,3.0,1.5
323,Printing and related support activities,2.2,1.3
3231,Printing and related support activities,2.2,1.3
32311,Printing,2.2,1.2
323111,Commercial printing (except screen and books),2.3,1.2
323113,Commercial screen printing,2.0,1.1
323117,Books printing,2.3,1.6
32312,Support activities for printing,2.4,1.5
324,Petroleum and coal products manufacturing,1.6,1.0
3241,Petroleum and coal products manufacturing,1.6,1.0
32411,Petroleum refineries,0.7,0.4
32412,"Asphalt paving, roofing, and saturated materials manufacturing",3.1,2.0
324121,Asphalt paving mixture and block manufacturing,4.5,2.8
324122,Asphalt shingle and coating materials manufacturing,1.6,1.1
32419,Other petroleum and coal products manufacturing,3.6,2.4
324191,Petroleum lubricating oil and grease manufacturing,3.5,1.8
324199,All other petroleum and coal products manufacturing,3.9,3.6
325,Chemical manufacturing,2.0,1.2
3251,Basic chemical manufacturing,1.6,0.9
32511,Petrochemical manufacturing,0.8,0.5
32512,Industrial gas manufacturing,0.6,0.3
32513,Synthetic dye and pigment manufacturing,1.7,1.1
32518,Other basic inorganic chemical manufacturing,2.3,1.3
32519,Other basic organic chemical manufacturing,1.8,1.0
325193,Ethyl alcohol manufacturing,2.6,1.7
325194,"Cyclic crude, intermediate, and gum and wood chemical manufacturing",2.6,1.2
325199,All other basic organic chemical manufacturing,1.4,0.8
3252,"Resin, synthetic rubber, and artificial synthetic fibers and filaments manufacturing",1.8,1.1
32521,Resin and synthetic rubber manufacturing,1.9,1.2
325211,Plastics material and resin manufacturing,1.6,0.9
325212,Synthetic rubber manufacturing,3.9,2.9
32522,Artificial and synthetic fibers and filaments manufacturing,1.5,1.1
3253,"Pesticide, fertilizer, and other agricultural chemical manufacturing",2.7,1.9
32531,Fertilizer manufacturing,2.6,1.8
325311,Nitrogenous fertilizer manufacturing,0.8,0.5
325312,Phosphatic fertilizer manufacturing,2.2,1.2
325314,Fertilizer (mixing only) manufacturing,4.5,3.5
32532,Pesticide and other agricultural chemical manufacturing,3.0,2.0
3254,Pharmaceutical and medicine manufacturing,1.6,1.0
32541,Pharmaceutical and medicine manufacturing,1.6,1.0
325411,Medicinal and botanical manufacturing,2.5,1.3
325412,Pharmaceutical preparation manufacturing,1.6,1.0
325413,In-vitro diagnostic substance manufacturing,1.3,0.8
325414,Biological product (except diagnostic) manufacturing,1.4,0.8
3255,"Paint, coating, and adhesive manufacturing",2.9,2.0
32551,Paint and coating manufacturing,3.0,2.0
32552,Adhesive manufacturing,2.7,1.9
3256,"Soap, cleaning compound, and toilet preparation manufacturing",2.3,1.3
32561,Soap and cleaning compound manufacturing,2.1,1.1
325611,Soap and other detergent manufacturing,1.7,1.1
325612,Polish and other sanitation good manufacturing,2.7,1.3
325613,Surface active agent manufacturing,1.2,0.6
32562,Toilet preparation manufacturing,2.5,1.5
3259,Other chemical product and preparation manufacturing,2.8,1.6
32592,Explosives manufacturing,2.1,1.2
32599,All other chemical product and preparation manufacturing,2.9,1.7
325992,"Photographic film, paper, plate, and chemical manufacturing",1.9,1.3
325998,All other miscellaneous chemical product and preparation manufacturing,2.6,1.7
326,Plastics and rubber products manufacturing,3.9,2.4
3261,Plastics product manufacturing,4.0,2.4
32611,Plastics packaging materials and unlaminated film and sheet manufacturing,4.2,2.5
326111,Plastics bag and pouch manufacturing,3.3,2.1
326112,Plastics packaging film and sheet (including laminated) manufacturing,3.8,1.9
326113,Unlaminated plastics film and sheet (except packaging) manufacturing,5.2,3.2
32612,"Plastics pipe, pipe fitting, and unlaminated profile shape manufacturing",4.2,2.7
326121,Unlaminated plastics profile shape manufacturing,4.4,2.7
326122,Plastics pipe and pipe fitting manufacturing,4.1,2.7
32613,"Laminated plastics plate, sheet (except packaging), and shape manufacturing",4.3,2.6
32614,Polystyrene foam product manufacturing,3.7,2.0
32615,Urethane and other foam product (except polystyrene) manufacturing,4.7,2.8
32616,Plastics bottle manufacturing,3.2,1.9
32619,Other plastics product manufacturing,3.9,2.3
326191,Plastics plumbing fixture manufacturing,5.6,3.3
326199,All other plastics product manufacturing,3.8,2.3
3262,Rubber product manufacturing,3.5,2.3
32621,Tire manufacturing,3.8,2.6
326211,Tire manufacturing (except retreading),3.8,2.6
326212,Tire retreading,4.3,2.6
32622,Rubber and plastics hoses and belting manufacturing,3.2,1.9
32629,Other rubber product manufacturing,3.4,2.2
326291,Rubber product manufacturing for mechanical use,3.1,2.0
326299,All other rubber product manufacturing,3.8,2.4
327,Nonmetallic mineral product manufacturing,4.6,2.9
3271,Clay product and refractory manufacturing,4.9,3.3
32711,"Pottery, ceramics, and plumbing fixture manufacturing",4.1,2.5
32712,Clay building material and refractories manufacturing,5.4,3.8
3272,Glass and glass product manufacturing,3.8,2.3
32721,Glass and glass product manufacturing,3.8,2.3
327211,Flat glass manufacturing,3.8,2.1
327212,Other pressed and blown glass and glassware manufacturing,3.8,2.7
327213,Glass container manufacturing,3.6,1.9
327215,Glass product manufacturing made of purchased glass,3.9,2.3
3273,Cement and concrete product manufacturing,5.0,3.2
32732,Ready-mix concrete manufacturing,3.9,2.7
32733,"Concrete pipe, brick, and block manufacturing",0,0
327331,Concrete block and brick manufacturing,4.8,2.6
3274,Lime and gypsum product manufacturing,4.5,2.4
32741,Lime manufacturing,3.5,3.3
32742,Gypsum product manufacturing,4.8,2.1
3279,Other nonmetallic mineral product manufacturing,4.3,2.7
32791,Abrasive product manufacturing,3.7,2.1
32799,All other nonmetallic mineral product manufacturing,4.4,2.8
327991,Cut stone and stone product manufacturing,6.0,3.8
327992,Ground or treated mineral and earth manufacturing,1.6,1.0
327993,Mineral wool manufacturing,3.4,2.5
327999,All other miscellaneous nonmetallic mineral product manufacturing,3.2,1.7
331,Primary metal manufacturing,4.4,2.5
3311,Iron and steel mills and ferroalloy manufacturing,2.5,1.4
3312,Steel product manufacturing from purchased steel,4.6,2.6
33121,Iron and steel pipe and tube manufacturing from purchased steel,5.2,2.8
33122,Rolling and drawing of purchased steel,4.2,2.4
331221,Rolled steel shape manufacturing,3.6,1.8
331222,Steel wire drawing,5.2,3.3
3313,Alumina and aluminum production and processing,2.9,1.8
33131,Alumina and aluminum production and processing,2.9,1.8
331315,"Aluminum sheet, plate, and foil manufacturing",1.5,0.8
331318,"Other aluminum rolling, drawing, and extruding",3.6,2.3
3314,Nonferrous metal (except aluminum) production and processing,4.2,2.5
33141,Nonferrous metal (except aluminum) smelting and refining,3.7,0.6
33142,"Copper rolling, drawing, extruding, and alloying",4.5,2.9
33149,"Nonferrous metal (except copper and aluminum) rolling, drawing, extruding, and alloying",4.1,2.7
331491,"Nonferrous metal (except copper and aluminum) rolling, drawing, and extruding",3.1,1.7
331492,"Secondary smelting, refining, and alloying of nonferrous metal (except copper and aluminum)",5.6,3.9
3315,Foundries,6.4,3.7
33151,Ferrous metal foundries,7.4,4.3
331511,Iron foundries,8.5,4.7
331512,Steel investment foundries,4.2,2.8
331513,Steel foundries (except investment),7.4,4.5
33152,Nonferrous metal foundries,5.3,3.2
331523,Nonferrous metal die-casting foundries,5.4,3.2
331524,Aluminum foundries (except die-casting),6.6,4.0
331529,Other nonferrous metal foundries (except die-casting),3.5,2.1
332,Fabricated metal product manufacturing,4.1,2.2
3321,Forging and stamping,5.2,3.0
33211,Forging and stamping,5.2,3.0
332111,Iron and steel forging,6.1,3.7
332112,Nonferrous forging,7.0,4.0
332114,Custom roll forming,2.7,2.0
332117,Powder metallurgy part manufacturing,3.0,2.4
332119,"Metal crown, closure, and other metal stamping (except automotive)",5.4,2.8
3322,Cutlery and handtool manufacturing,3.3,1.6
33221,Cutlery and handtool manufacturing,3.3,1.6
332216,Saw blade and handtool manufacturing,3.0,1.5
3323,Architectural and structural metals manufacturing,4.8,2.6
33231,Plate work and fabricated structural product manufacturing,4.7,2.4
332311,Prefabricated metal building and component manufacturing,4.0,1.9
332312,Fabricated structural metal manufacturing,4.5,2.4
332313,Plate work manufacturing,5.7,2.8
33232,Ornamental and architectural metal products manufacturing,4.9,2.8
332321,Metal window and door manufacturing,5.6,3.5
332322,Sheet metal work manufacturing,4.8,2.7
332323,Ornamental and architectural metal work manufacturing,3.9,1.9
3324,"Boiler, tank, and shipping container manufacturing",4.1,2.2
33241,Power boiler and heat exchanger manufacturing,3.9,2.0
33242,Metal tank (heavy gauge) manufacturing,4.1,2.3
33243,"Metal can, box, and other metal container (light gauge) manufacturing",4.2,2.3
332431,Metal can manufacturing,3.4,2.1
332439,Other metal container manufacturing,5.2,2.5
3325,Hardware manufacturing,3.5,2.2
3326,Spring and wire product manufacturing,4.1,2.1
33261,Spring and wire product manufacturing,4.1,2.1
332613,Spring manufacturing,3.7,2.1
332618,Other fabricated wire product manufacturing,4.4,2.1
3327,"Machine shops; turned product; and screw, nut, and bolt manufacturing",3.5,1.6
33271,Machine shops,3.4,1.6
33272,"Turned product and screw, nut, and bolt manufacturing",3.8,1.7
332721,Precision turned product manufacturing,4.1,1.5
3328,"Coating, engraving, heat treating, and allied activities",4.5,2.5
33281,"Coating, engraving, heat treating, and allied activities",4.5,2.5
332811,Metal heat treating,5.3,2.4
332812,"Metal coating, engraving (except jewelry and silverware), and allied services to manufacturers",4.4,2.5
332813,"Electroplating, plating, polishing, anodizing, and coloring",4.5,2.6
3329,Other fabricated metal product manufacturing,3.7,1.8
33291,Metal valve manufacturing,2.7,1.5
332911,Industrial valve manufacturing,2.1,1.3
332912,Fluid power valve and hose fitting manufacturing,2.1,1.2
332913,Plumbing fixture fitting and trim manufacturing,2.8,1.8
332919,Other metal valve and pipe fitting manufacturing,5.4,2.7
33299,All other fabricated metal product manufacturing,4.1,1.9
332991,Ball and roller bearing manufacturing,2.8,1.3
332992,Small arms ammunition manufacturing,2.7,1.4
332993,Ammunition (except small arms) manufacturing,1.2,0.4
332994,"Small arms, ordnance, and ordnance accessories manufacturing",2.5,1.5
332996,Fabricated pipe and pipe fitting manufacturing,3.1,1.9
332999,All other miscellaneous fabricated metal product manufacturing,6.0,2.6
333,Machinery manufacturing,3.2,1.6
3331,"Agriculture, construction, and mining machinery manufacturing",3.5,2.0
33311,Agricultural implement manufacturing,4.8,2.9
333111,Farm machinery and equipment manufacturing,4.9,3.0
333112,Lawn and garden tractor and home lawn and garden equipment manufacturing,4.4,2.9
33312,Construction machinery manufacturing,4.0,2.2
33313,Mining and oil and gas field machinery manufacturing,1.4,0.7
333131,Mining machinery and equipment manufacturing,3.4,1.2
333132,Oil and gas field machinery and equipment manufacturing,1.1,0.6
3332,Industrial machinery manufacturing,2.5,1.2
33324,Industrial machinery manufacturing,2.5,1.2
333241,Food product machinery manufacturing,4.2,1.7
333242,Semiconductor machinery manufacturing,0.6,0.4
333243,"Sawmill, woodworking, and paper machinery manufacturing",3.6,1.7
333244,Printing machinery and equipment manufacturing,2.2,1.1
333249,Other industrial machinery manufacturing,2.4,1.2
3333,Commercial and service industry machinery manufacturing,3.2,1.5
33331,Commercial and service industry machinery manufacturing,3.2,1.5
333314,Optical instrument and lens manufacturing,2.4,0.9
333316,Photographic and photocopying equipment manufacturing,1.7,1.2
333318,Other commercial and service industry machinery manufacturing,3.6,1.7
3334,"Ventilation, heating, air-conditioning, and commercial refrigeration equipment manufacturing",3.1,1.7
33341,"Ventilation, heating, air-conditioning, and commercial refrigeration equipment manufacturing",3.1,1.7
333413,Industrial and commercial fan and blower and air purification equipment manufacturing,2.9,1.5
333414,Heating equipment (except warm air furnaces) manufacturing,3.5,1.9
333415,Air-conditioning and warm air heating equip and commercial and industrial refrigeration equip mfg,3.1,1.7
3335,Metalworking machinery manufacturing,3.6,1.6
33351,Metalworking machinery manufacturing,3.6,1.6
333511,Industrial mold manufacturing,3.0,1.4
333514,"Special die and tool, die set, jig, and fixture manufacturing",4.0,1.7
333515,Cutting tool and machine tool accessory manufacturing,2.2,1.0
333517,Machine tool manufacturing,4.1,1.9
333519,Rolling mill and other metalworking machinery manufacturing,4.8,1.5
3336,"Engine, turbine, and power transmission equipment manufacturing",2.6,1.3
33361,"Engine, turbine, and power transmission equipment manufacturing",2.6,1.3
333611,Turbine and turbine generator set units manufacturing,2.6,1.2
333612,"Speed changer, industrial high-speed drive, and gear manufacturing",3.7,1.8
333613,Mechanical power transmission equipment manufacturing,3.7,1.6
333618,Other engine equipment manufacturing,2.0,1.1
3339,Other general purpose machinery manufacturing,3.1,1.6
33391,Pump and compressor manufacturing,2.1,1.0
333911,Pump and pumping equipment manufacturing,2.5,1.2
333912,Air and gas compressor manufacturing,1.8,0.8
333913,Measuring and dispensing pump manufacturing,1.2,0.8
33392,Material handling equipment manufacturing,4.0,2.1
333921,Elevator and moving stairway manufacturing,4.4,2.7
333922,Conveyor and conveying equipment manufacturing,4.1,1.8
333923,"Overhead traveling crane, hoist, and monorail system manufacturing",4.2,2.0
333924,"Industrial truck, tractor, trailer, and stacker machinery manufacturing",3.8,2.3
33399,All other general purpose machinery manufacturing,2.8,1.5
333991,Power-driven handtool manufacturing,2.0,1.4
333992,Welding and soldering equipment manufacturing,3.0,1.3
333993,Packaging machinery manufacturing,2.4,0.9
333994,Industrial process furnace and oven manufacturing,4.1,2.7
333995,Fluid power cylinder and actuator manufacturing,4.1,2.5
333996,Fluid power pump and motor manufacturing,1.6,0.8
333997,Scale and balance manufacturing,2.9,1.7
333999,All other miscellaneous general purpose machinery manufacturing,2.9,1.4
334,Computer and electronic product manufacturing,1.1,0.6
3341,Computer and peripheral equipment manufacturing,0.6,0.3
33411,Computer and peripheral equipment manufacturing,0.6,0.3
334111,Electronic computer manufacturing,0.5,0.3
334112,Computer storage device manufacturing,0.6,0.3
334118,Computer terminal and other computer peripheral equipment manufacturing,0.9,0.5
3342,Communications equipment manufacturing,0.9,0.5
33421,Telephone apparatus manufacturing,1.0,0.4
33422,Radio and television broadcasting and wireless communications equipment manufacturing,0.9,0.4
33429,Other communications equipment manufacturing,1.1,0.7
3343,Audio and video equipment manufacturing,1.6,0.6
3344,Semiconductor and other electronic component manufacturing,1.2,0.6
33441,Semiconductor and other electronic component manufacturing,1.2,0.6
334412,Bare printed circuit board manufacturing,1.4,0.9
334413,Semiconductor and related device manufacturing,1.0,0.5
334416,"Capacitor, resistor, coil, transformer, and other inductor manufacturing",2.7,1.1
334417,Electronic connector manufacturing,1.7,1.0
334418,Printed circuit assembly (electronic assembly) manufacturing,1.1,0.6
334419,Other electronic component manufacturing,1.6,0.7
3345,"Navigational, measuring, electromedical, and control instruments manufacturing",1.2,0.7
33451,"Navigational, measuring, electromedical, and control instruments manufacturing",1.2,0.7
334510,Electromedical and electrotherapeutic apparatus manufacturing,1.1,0.7
334511,"Search, detection, navigation, guidance, aeronautical, and nautical system and instrument mfg",0.9,0.6
334512,"Automatic environmental control manufacturing for residential, commercial, and appliance use",2.1,0.7
334513,"Instr. and rel. prod. mfg. for measuring, displaying, and controlling industrial process variables",1.5,0.9
334514,Totalizing fluid meter and counting device manufacturing,2.2,1.1
334515,Instrument manufacturing for measuring and testing electricity and electrical signals,0.9,0.5
334516,Analytical laboratory instrument manufacturing,1.2,0.7
334517,Irradiation apparatus manufacturing,0.7,0.4
334519,Other measuring and controlling device manufacturing,1.8,1.2
3346,Manufacturing and reproducing magnetic and optical media,1.2,0.9
33461,Manufacturing and reproducing magnetic and optical media,1.2,0.9
335,"Electrical equipment, appliance, and component manufacturing",2.5,1.4
3351,Electric lighting equipment manufacturing,3.2,1.7
33511,Electric lamp bulb and part manufacturing,1.5,1.2
33512,Lighting fixture manufacturing,3.4,1.8
335121,Residential electric lighting fixture manufacturing,3.8,2.4
335122,"Commercial, industrial, and institutional electric lighting fixture manufacturing",2.8,1.4
335129,Other lighting equipment manufacturing,4.9,2.1
3352,Household appliance manufacturing,2.8,1.6
33521,Small electrical appliance manufacturing,2.8,1.6
33522,Major appliance manufacturing,2.8,1.6
335221,Household cooking appliance manufacturing,2.9,1.3
335222,Household refrigerator and home freezer manufacturing,3.4,2.1
3353,Electrical equipment manufacturing,2.1,1.2
33531,Electrical equipment manufacturing,2.1,1.2
335311,"Power, distribution, and specialty transformer manufacturing",3.8,2.5
335312,Motor and generator manufacturing,2.1,1.0
335313,Switchgear and switchboard apparatus manufacturing,2.0,1.1
335314,Relay and industrial control manufacturing,1.1,0.6
3359,Other electrical equipment and component manufacturing,2.6,1.4
33591,Battery manufacturing,3.6,2.0
33592,Communication and energy wire and cable manufacturing,2.0,1.2
335921,Fiber optic cable manufacturing,1.7,0.9
335929,Other communication and energy wire manufacturing,2.3,1.5
33593,Wiring device manufacturing,2.3,1.3
335931,Current-carrying wiring device manufacturing,2.0,1.0
335932,Noncurrent-carrying wiring device manufacturing,3.1,2.3
33599,All other electrical equipment and component manufacturing,2.6,1.3
335991,Carbon and graphite product manufacturing,3.0,1.5
336,Transportation equipment manufacturing,4.0,2.4
3361,Motor vehicle manufacturing,6.4,3.9
33611,Automobile and light duty motor vehicle manufacturing,6.5,4.1
336111,Automobile manufacturing,6.2,4.2
336112,Light truck and utility vehicle manufacturing,7.2,3.9
33612,Heavy duty truck manufacturing,5.1,2.9
3362,Motor vehicle body and trailer manufacturing,6.9,3.7
33621,Motor vehicle body and trailer manufacturing,6.9,3.7
336211,Motor vehicle body manufacturing,5.0,2.8
336212,Truck trailer manufacturing,7.0,3.9
336213,Motor home manufacturing,10.3,7.0
336214,Travel trailer and camper manufacturing,8.0,3.5
3363,Motor vehicle parts manufacturing,3.7,2.2
33631,Motor vehicle gasoline engine and engine parts manufacturing,3.6,2.1
33632,Motor vehicle electrical and electronic equipment manufacturing,2.6,1.7
33633,Motor vehicle steering and suspension components (except spring) manufacturing,4.1,2.3
33634,Motor vehicle brake system manufacturing,3.0,1.8
33635,Motor vehicle transmission and power train parts manufacturing,2.7,1.5
33636,Motor vehicle seating and interior trim manufacturing,3.8,2.7
33637,Motor vehicle metal stamping,5.3,2.5
33639,Other motor vehicle parts manufacturing,3.8,2.4
3364,Aerospace product and parts manufacturing,2.3,1.4
33641,Aerospace product and parts manufacturing,2.3,1.4
336411,Aircraft manufacturing,2.8,1.9
336412,Aircraft engine and engine parts manufacturing,1.6,0.8
336413,Other aircraft parts and auxiliary equipment manufacturing,2.5,1.4
336414,Guided missile and space vehicle manufacturing,0.8,0.4
336415,Guided missile and space vehicle propulsion unit and propulsion unit parts manufacturing,1.2,0.7
336419,Other guided missile and space vehicle parts and auxiliary equipment manufacturing,2.3,1.1
3365,Railroad rolling stock manufacturing,2.6,1.5
3366,Ship and boat building,5.5,3.4
33661,Ship and boat building,5.5,3.4
336611,Ship building and repairing,5.5,3.5
336612,Boat building,5.4,3.2
3369,Other transportation equipment manufacturing,2.4,1.0
33699,Other transportation equipment manufacturing,2.4,1.0
336991,"Motorcycle, bicycle, and parts manufacturing",3.0,0.6
336992,"Military armored vehicle, tank, and tank component manufacturing",2.4,1.2
336999,All other transportation equipment manufacturing,1.9,1.1
337,Furniture and related product manufacturing,4.1,2.4
3371,Household and institutional furniture and kitchen cabinet manufacturing,4.0,2.3
33711,Wood kitchen cabinet and countertop manufacturing,3.7,2.1
33712,Household and institutional furniture manufacturing,4.2,2.5
337121,Upholstered household furniture manufacturing,5.3,3.3
337122,Nonupholstered wood household furniture manufacturing,3.0,1.5
337127,Institutional furniture manufacturing,3.1,1.8
3372,Office furniture (including fixtures) manufacturing,4.4,2.5
33721,Office furniture (including fixtures) manufacturing,4.4,2.5
337211,Wood office furniture manufacturing,4.8,2.2
337212,Custom architectural woodwork and millwork manufacturing,3.5,2.7
337214,Office furniture (except wood) manufacturing,3.1,1.6
337215,"Showcase, partition, shelving, and locker manufacturing",5.4,3.0
3379,Other furniture related product manufacturing,4.0,3.1
33791,Mattress manufacturing,4.3,3.2
33792,Blind and shade manufacturing,3.3,2.8
339,Miscellaneous manufacturing,2.4,1.3
3391,Medical equipment and supplies manufacturing,1.9,1.1
33911,Medical equipment and supplies manufacturing,1.9,1.1
339112,Surgical and medical instrument manufacturing,1.7,1.1
339113,Surgical appliance and supplies manufacturing,2.2,1.1
339114,Dental equipment and supplies manufacturing,2.6,1.3
339115,Ophthalmic goods manufacturing,2.4,1.8
339116,Dental laboratories,1.2,0.6
3399,Other miscellaneous manufacturing,2.9,1.6
33991,Jewelry and silverware manufacturing,1.4,0.9
33992,Sporting and athletic goods manufacturing,2.5,1.4
33993,"Doll, toy, and game manufacturing",2.9,2.0
33995,Sign manufacturing,3.1,1.6
33999,All other miscellaneous manufacturing,0,0
339992,Musical instrument manufacturing,4.4,1.9
339993,"Fastener, button, needle, and pin manufacturing",2.2,1.4
339994,"Broom, brush, and mop manufacturing",3.4,1.7
339999,All other miscellaneous manufacturing,3.6,2.4
42,Wholesale trade,2.8,1.8
423,"Merchant wholesalers, durable goods",2.5,1.5
4231,Motor vehicle and motor vehicle parts and supplies merchant wholesalers,3.9,2.5
4232,Furniture and home furnishing merchant wholesalers,2.4,1.5
4233,Lumber and other construction materials merchant wholesalers,4.3,2.8
4234,Professional and commercial equipment and supplies merchant wholesalers,1.2,0.7
4235,Metal and mineral (except petroleum) merchant wholesalers,4.5,2.9
4236,Household appliances and electrical and electronic goods merchant wholesalers,1.5,0.9
4237,"Hardware, and plumbing and heating equipment and supplies merchant wholesalers",2.7,1.6
4238,"Machinery, equipment, and supplies merchant wholesalers",2.3,1.3
4239,Miscellaneous durable goods merchant wholesalers,2.9,0
42391,Sporting and recreational goods and supplies merchant wholesalers,1.4,0.9
42392,Toy and hobby goods and supplies merchant wholesalers,3.6,2.6
42393,Recyclable material merchant wholesalers,0,0
42394,"Jewelry, watch, precious stone, and precious metal merchant wholesalers",0.5,0.3
42399,Other miscellaneous durable goods merchant wholesalers,1.2,0.5
424,"Merchant wholesalers, nondurable goods",3.8,2.7
4241,Paper and paper product merchant wholesalers,2.4,1.2
4242,Drugs and druggists sundries merchant wholesalers,1.1,0.7
4243,"Apparel, piece goods, and notions merchant wholesalers",0,0.9
4244,Grocery and related product merchant wholesalers,5.2,4.2
4245,Farm product raw material merchant wholesalers,0,2.9
4246,Chemical and allied products merchant wholesalers,1.9,1.2
4247,Petroleum and petroleum products merchant wholesalers,2.6,2.0
4248,"Beer, wine, and distilled alcoholic beverage merchant wholesalers",6.1,4.6
4249,Miscellaneous nondurable goods merchant wholesalers,2.8,1.5
425,Wholesale electronic markets and agents and brokers,1.3,0.7
44-45,Retail trade,3.3,1.9
441,Motor vehicle and parts dealers,3.2,1.6
4411,Automobile dealers,3.0,1.4
44111,New car dealers,3.2,1.4
44112,Used car dealers,1.9,1.0
4412,Other motor vehicle dealers,2.8,1.5
44121,Recreational vehicle dealers,3.7,1.8
44122,"Motorcycle, boat, and other motor vehicle dealers",2.4,1.4
4413,"Automotive parts, accessories, and tire stores",3.9,2.2
44131,Automotive parts and accessories stores,3.2,1.9
44132,Tire dealers,5.1,2.7
442,Furniture and home furnishings stores,3.3,2.1
4421,Furniture stores,2.8,1.9
4422,Home furnishings stores,3.9,2.3
44221,Floor covering stores,2.2,1.6
44229,Other home furnishings stores,5.0,2.7
443,Electronics and appliance stores,1.3,0.6
4431,Electronics and appliance stores,1.3,0.6
44314,Electronics and appliance stores,1.3,0.6
443141,Household appliance stores,3.1,1.4
443142,Electronics stores,1.0,0.5
444,Building material and garden equipment and supplies dealers,4.6,3.0
4441,Building material and supplies dealers,4.6,3.1
44411,Home centers,5.9,4.1
44412,Paint and wallpaper stores,1.7,1.4
44413,Hardware stores,3.0,1.8
44419,Other building material dealers,2.9,1.7
4442,Lawn and garden equipment and supplies stores,4.2,2.5
44421,Outdoor power equipment stores,2.0,0.8
44422,"Nursery, garden center, and farm supply stores",4.9,2.9
445,Food and beverage stores,4.3,2.7
4451,Grocery stores,4.6,2.9
44511,Supermarkets and other grocery (except convenience) stores,4.8,3.0
44512,Convenience stores,1.3,0.7
4452,Specialty food stores,2.7,1.7
44521,Meat markets,2.8,1.5
44522,Fish and seafood markets,1.6,0.4
44523,Fruit and vegetable markets,3.1,1.7
44529,Other specialty food stores,2.7,1.9
4453,"Beer, wine, and liquor stores",0,0.9
446,Health and personal care stores,1.8,0.9
4461,Health and personal care stores,1.8,0.9
44611,Pharmacies and drug stores,2.2,1.1
44612,"Cosmetics, beauty supplies, and perfume stores",1.1,0.6
44619,Other health and personal care stores,0,0.6
447,Gasoline stations,2.2,1.0
4471,Gasoline stations,2.2,1.0
44711,Gasoline stations with convenience stores,2.0,1.0
44719,Other gasoline stations,3.1,1.2
448,Clothing and clothing accessories stores,2.0,0.7
4481,Clothing stores,2.2,0.8
44811,Mens clothing stores,1.2,0.3
44812,Womens clothing stores,1.5,0.6
44813,Childrens and infants clothing stores,2.4,0.8
44814,Family clothing stores,2.6,0
44815,Clothing accessories stores,0.9,0.5
44819,Other clothing stores,0,0.9
4482,Shoe stores,1.7,0.6
4483,"Jewelry, luggage, and leather goods stores",0,0.5
44831,Jewelry stores,0,0.5
451,"Sporting goods, hobby, book, and music stores",2.5,1.3
4511,"Sporting goods, hobby, and musical instrument stores",2.6,1.4
45111,Sporting goods stores,2.3,1.1
45112,"Hobby, toy, and game stores",2.8,1.7
45113,"Sewing, needlework, and piece goods stores",5.2,3.2
45114,Musical instrument and supplies stores,1.4,0.7
4512,Book stores and news dealers,1.8,1.1
45121,Book stores and news dealers,1.8,1.1
451211,Book stores,1.7,1.0
451212,News dealers and newsstands,2.8,1.4
452,General merchandise stores,4.1,2.5
4521,Department stores,3.6,2.1
4529,Other general merchandise stores,4.4,2.7
45291,Warehouse clubs and supercenters,4.7,3.0
45299,All other general merchandise stores,3.3,1.7
453,Miscellaneous store retailers,3.0,1.6
4531,Florists,3.5,1.9
4532,"Office supplies, stationery, and gift stores",1.5,0.8
45321,Office supplies and stationery stores,2.2,1.2
45322,"Gift, novelty, and souvenir stores",0.8,0.4
4533,Used merchandise stores,4.4,2.6
4539,Other miscellaneous store retailers,3.3,1.6
45391,Pet and pet supplies stores,8.0,3.5
45399,All other miscellaneous store retailers,1.1,0.8
454,Nonstore retailers,2.5,1.7
4541,Electronic shopping and mail-order houses,2.0,1.3
45411,Electronic shopping and mail-order houses,2.0,1.3
454111,Electronic shopping,2.0,1.4
454113,Mail-order houses,2.0,1.3
4542,Vending machine operators,4.5,2.6
4543,Direct selling establishments,3.3,2.6
45431,Fuel dealers,4.1,3.2
45439,Other direct selling establishments,2.3,1.8
48-49,Transportation and warehousing,4.6,3.3
481,Air transportation,6.1,4.8
4811,Scheduled air transportation,6.5,5.2
48111,Scheduled air transportation,6.5,5.2
481111,Scheduled passenger air transportation,6.6,5.3
481112,Scheduled freight air transportation,2.3,1.7
4812,Nonscheduled air transportation,2.6,1.4
482,Rail transportation,2.1,1.5
483,Water transportation,2.2,1.0
4831,"Deep sea, coastal, and great lakes water transportation",0,0
48311,"Deep sea, coastal, and great lakes water transportation",0,0
483112,Deep sea passenger transportation,2.4,0.5
483113,Coastal and great lakes freight transportation,1.9,1.4
4832,Inland water transportation,2.3,1.4
48321,Inland water transportation,2.3,1.4
483211,Inland water freight transportation,1.8,1.4
484,Truck transportation,4.2,2.9
4841,General freight trucking,4.1,2.8
48411,"General freight trucking, local",3.4,2.5
48412,"General freight trucking, long-distance",4.3,2.9
4842,Specialized freight trucking,4.5,3.0
48421,Used household and office goods moving,7.4,4.7
48422,"Specialized freight (except used goods) trucking, local",3.9,2.6
48423,"Specialized freight (except used goods) trucking, long-distance",3.9,2.9
485,Transit and ground passenger transportation,3.9,2.6
4851,Urban transit systems,5.0,3.8
4853,Taxi and limousine service,2.4,1.7
48531,Taxi service,2.6,1.7
48532,Limousine service,2.1,1.6
4854,School and employee bus transportation,4.1,2.6
4855,Charter bus industry,2.7,2.1
4859,Other transit and ground passenger transportation,4.1,2.7
486,Pipeline transportation,1.0,0.8
4862,Pipeline transportation of natural gas,1.6,1.3
487,Scenic and sightseeing transportation,2.5,1.6
4871,"Scenic and sightseeing transportation, land",3.7,2.5
4872,"Scenic and sightseeing transportation, water",1.8,1.1
4879,"Scenic and sightseeing transportation, other",1.2,0.5
488,Support activities for transportation,3.1,1.9
4881,Support activities for air transportation,4.0,2.2
4882,Support activities for rail transportation,2.8,2.0
4883,Support activities for water transportation,5.0,3.6
48831,Port and harbor operations,2.2,1.7
48833,Navigational services to shipping,2.3,1.2
48839,Other support activities for water transportation,2.7,2.1
4884,Support activities for road transportation,3.4,2.2
48841,Motor vehicle towing,3.4,1.9
48849,Other support activities for road transportation,3.5,2.8
4885,Freight transportation arrangement,1.5,0.9
4889,Other support activities for transportation,2.0,1.2
492,Couriers and messengers,7.9,6.0
4921,Couriers and express delivery services,8.2,6.4
4922,Local messengers and local delivery,4.7,2.9
493,Warehousing and storage,5.1,3.7
4931,Warehousing and storage,5.1,3.7
49311,General warehousing and storage,5.2,3.9
49312,Refrigerated warehousing and storage,4.6,3.5
49313,Farm product warehousing and storage,2.7,0.8
49319,Other warehousing and storage,2.8,2.3
22,Utilities,2.0,1.1
221,Utilities,2.0,1.1
2211,"Electric power generation, transmission and distribution",1.9,1.0
22111,Electric power generation,1.5,0.7
221112,Fossil fuel electric power generation,1.7,0.8
221113,Nuclear electric power generation,0.2,0.0
221117,Biomass electric power generation,6.4,2.1
22112,"Electric power transmission, control, and distribution",2.2,1.2
2212,Natural gas distribution,1.9,1.1
2213,"Water, sewage and other systems",3.0,1.6
22131,Water supply and irrigation systems,3.2,1.8
22132,Sewage treatment facilities,2.6,1.1
51,Information,1.3,0.8
511,Publishing industries (except internet),0.7,0.3
5111,"Newspaper, periodical, book, and directory publishers",1.1,0.5
51111,Newspaper publishers,1.8,0.9
51112,Periodical publishers,0.4,0.1
51113,Book publishers,0.5,0.1
51114,Directory and mailing list publishers,1.3,0.5
51119,Other publishers,0.8,0.5
5112,Software publishers,0.3,0.2
512,Motion picture and sound recording industries,1.7,0.5
5121,Motion picture and video industries,1.8,0.5
51213,Motion picture and video exhibition,2.8,0.7
5122,Sound recording industries,1.2,0.5
51221,Record production,0,0
51222,Integrated record production/distribution,0.7,0
51223,Music publishers,3.7,1.5
515,Broadcasting (except internet),1.3,0.7
5151,Radio and television broadcasting,1.0,0.4
51511,Radio broadcasting,0.4,0.1
51512,Television broadcasting,1.4,0.6
5152,Cable and other subscription programming,2.4,1.8
517,Telecommunications,2.4,1.7
5171,Wired telecommunications carriers,3.0,2.2
5172,Wireless telecommunications carriers (except satellite),0.7,0.4
5179,Other telecommunications,0.1,0.1
518,"Data processing, hosting, and related services",0.5,0.2
519,Other information services,0.4,0.3
5191,Other information services,0.4,0.3
51911,News syndicates,0.3,0.2
51912,Libraries and archives,3.2,2.6
51913,Internet publishing and broadcasting and web search portals,0.2,0.1
51919,All other information services,0.2,0
52,Finance and insurance,0.5,0.2
521,Monetary authorities-central bank,1.0,0.3
522,Credit intermediation and related activities,0.6,0.2
5221,Depository credit intermediation,0.7,0.3
52212,Savings institutions,0.4,0.2
5222,Nondepository credit intermediation,0.4,0.1
52221,Credit card issuing,0.3,0.1
52222,Sales financing,0.3,0.1
52229,Other nondepository credit intermediation,0.4,0.1
5223,Activities related to credit intermediation,0.3,0.1
52232,"Financial transactions processing, reserve, and clearinghouse activities",0.5,0.1
52239,Other activities related to credit intermediation,0.3,0.1
523,"Securities, commodity contracts, and other financial investments and related activities",0.3,0.1
5231,Securities and commodity contracts intermediation and brokerage,0.4,0.1
52312,Securities brokerage,0.3,0.0
52314,Commodity contracts brokerage,0,0
5239,Other financial investment activities,0.3,0.1
52392,Portfolio management,0.2,0.0
524,Insurance carriers and related activities,0.4,0.2
5241,Insurance carriers,0.6,0.2
52411,"Direct life, health, and medical insurance carriers",0.6,0.2
52412,"Direct insurance (ex. life, health, and medical) carriers",0.5,0.2
52413,Reinsurance carriers,0.2,0.1
5242,"Agencies, brokerages, and other insurance related activities",0.3,0.1
52421,Insurance agencies and brokerages,0.3,0.1
52429,Other insurance related activities,0.4,0.1
525,"Funds, trusts, and other financial vehicles",0,0
5259,Other investment pools and funds,0,0
53,Real estate and rental and leasing,2.4,1.5
531,Real estate,2.2,1.3
5311,Lessors of real estate,2.9,1.6
53111,Lessors of residential buildings and dwellings,3.3,1.7
53112,Lessors of nonresidential buildings (except miniwarehouses),0,1.5
53119,Lessors of other real estate property,3.2,2.0
5312,Offices of real estate agents and brokers,0.6,0.4
5313,Activities related to real estate,2.3,1.4
53131,Real estate property managers,2.7,1.6
53139,Other activities related to real estate,0.4,0.2
532,Rental and leasing services,3.2,2.0
5322,Consumer goods rental,0,0
53223,Video tape and disc rental,0,0
53229,Other consumer goods rental,3.4,1.7
5323,General rental centers,3.4,1.7
5324,Commercial and industrial machinery and equipment rental and leasing,1.3,1.0
53241,"Construction, transportation, mining, and forestry machinery and equipment rental and leasing",1.3,0.9
53249,Other commercial and industrial machinery and equipment rental and leasing,1.3,1.1
533,Lessors of nonfinancial intangible assets (except copyrighted works),0.5,0
54,"Professional, scientific, and technical services",0.8,0.3
541,"Professional, scientific, and technical services",0.8,0.3
5411,Legal services,0.4,0.1
5412,"Accounting, tax preparation, bookkeeping, and payroll services",0.4,0.2
54121,"Accounting, tax preparation, bookkeeping, and payroll services",0.4,0.2
541211,Offices of certified public accountants,0.2,0.1
541219,Other accounting services,0.5,0.3
5413,"Architectural, engineering, and related services",0.7,0.4
54131,Architectural services,0.3,0.2
54133,Engineering services,0.7,0.4
54134,Drafting services,0,0
54137,Surveying and mapping (except geophysical) services,0.8,0.3
54138,Testing laboratories,1.3,0.7
5414,Specialized design services,0.5,0.3
5415,Computer systems design and related services,0.3,0.1
54151,Computer systems design and related services,0.3,0.1
541511,Custom computer programming services,0,0.1
541512,Computer systems design services,0.2,0.1
541513,Computer facilities management services,0.8,0.6
541519,Other computer related services,0.4,0.2
5416,"Management, scientific, and technical consulting services",0.5,0.3
54161,Management consulting services,0.4,0.2
54162,Environmental consulting services,0.4,0.3
54169,Other scientific and technical consulting services,0.9,0.7
5417,Scientific research and development services,0.9,0.4
5418,"Advertising, public relations, and related services",0.9,0.5
5419,"Other professional, scientific, and technical services",5.4,1.6
54191,Marketing research and public opinion polling,0.5,0.2
54192,Photographic services,0.7,0.4
54193,Translation and interpretation services,0.2,0
54194,Veterinary services,9.8,2.7
55,Management of companies and enterprises,0.9,0.4
56,Administrative and support and waste management and remediation services,2.2,1.3
561,Administrative and support services,2.1,1.2
5611,Office administrative services,0,0.4
5612,Facilities support services,3.5,2.1
5613,Employment services,1.2,0.5
56131,Employment placement agencies and executive search services,1.0,0.4
56132,Temporary help services,1.0,0.4
56133,Professional employer organizations,0,1.2
5614,Business support services,0.8,0.4
56141,Document preparation services,0.3,0.1
56142,Telephone call centers,0.9,0.4
56143,Business service centers,0.7,0.5
56144,Collection agencies,0.6,0.3
56145,Credit bureaus,0.2,0
56149,Other business support services,1.1,0.7
5615,Travel arrangement and reservation services,0.6,0.2
56151,Travel agencies,0.2,0.1
56152,Tour operators,0.6,0.2
56159,Other travel arrangement and reservation services,1.0,0.4
5616,Investigation and security services,1.4,0.9
56161,"Investigation, guard, and armored car services",1.5,1.0
561611,Investigation services,0.5,0.3
561612,Security guards and patrol services,1.4,0.9
561613,Armored car services,3.8,2.9
56162,Security systems services,1.2,0.6
5617,Services to buildings and dwellings,3.4,2.1
56171,Exterminating and pest control services,2.6,2.0
56172,Janitorial services,3.1,1.9
56173,Landscaping services,4.0,2.4
56174,Carpet and upholstery cleaning services,0,2.7
56179,Other services to buildings and dwellings,2.4,1.9
5619,Other support services,0,1.4
562,Waste management and remediation services,4.2,2.7
5621,Waste collection,5.0,3.4
56211,Waste collection,5.0,3.4
562111,Solid waste collection,5.1,3.4
562112,Hazardous waste collection,3.5,1.7
562119,Other waste collection,6.0,5.4
5622,Waste treatment and disposal,3.8,2.4
56221,Waste treatment and disposal,3.8,2.4
562212,Solid waste landfill,5.3,3.7
562213,Solid waste combustors and incinerators,1.3,1.3
562219,Other nonhazardous waste treatment and disposal,4.2,3.1
5629,Remediation and other waste management services,0,0
56291,Remediation services,2.5,1.1
56292,Materials recovery facilities,9.8,5.8
56299,All other waste management services,3.2,2.4
61,Educational services,1.9,0.8
611,Educational services,1.9,0.8
6111,Elementary and secondary schools,2.8,1.1
6112,Junior colleges,0.9,0.5
6113,"Colleges, universities, and professional schools",1.7,0.7
6114,Business schools and computer and management training,1.1,0.3
61142,Computer training,0,0
61143,Professional and management development training,1.5,0.4
6115,Technical and trade schools,0.8,0.2
6116,Other schools and instruction,0,0
61161,Fine arts schools,0.2,0.1
61162,Sports and recreation instruction,0,1.8
61169,All other schools and instruction,1.2,0.6
6117,Educational support services,0,0.5
62,Health care and social assistance,4.1,1.9
621,Ambulatory health care services,2.5,0.9
6211,Offices of physicians,0,0
62111,Offices of physicians,0,0
621112,"Offices of physicians, mental health specialists",1.2,0.5
6213,Offices of other health practitioners,1.1,0.5
6214,Outpatient care centers,3.9,1.0
6215,Medical and diagnostic laboratories,2.1,0.7
6216,Home health care services,2.6,1.4
6219,Other ambulatory health care services,5.8,3.1
62191,Ambulance services,7.1,4.1
62199,All other ambulatory health care services,4.1,1.8
622,Hospitals,5.7,2.3
6221,General medical and surgical hospitals,5.7,2.2
6222,Psychiatric and substance abuse hospitals,7.8,4.5
6223,Specialty (except psychiatric and substance abuse) hospitals,4.7,2.4
623,Nursing and residential care facilities,6.3,3.8
6231,Nursing care facilities (skilled nursing facilities),6.4,4.0
6232,"Residential intellectual and developmental disability, mental health, and substance abuse facilities",6.2,3.6
6233,Continuing care retirement communities and assisted living facilities for the elderly,6.2,3.6
6239,Other residential care facilities,5.8,3.0
624,Social assistance,2.7,1.4
6241,Individual and family services,2.7,1.3
62411,Child and youth services,2.0,0.9
62412,Services for the elderly and persons with disabilities,2.9,1.5
62419,Other individual and family services,2.4,1.0
6242,"Community food and housing, and emergency and other relief services",3.6,2.0
62421,Community food services,4.4,1.9
62422,Community housing services,3.8,2.2
62423,Emergency and other relief services,2.0,1.2
6243,Vocational rehabilitation services,4.8,2.7
6244,Child day care services,1.7,0.9
71,"Arts, entertainment, and recreation",4.2,2.2
711,"Performing arts, spectator sports, and related industries",5.7,3.0
7111,Performing arts companies,5.9,2.4
7112,Spectator sports,0,0
71121,Spectator sports,0,0
711212,Racetracks,3.8,1.5
7113,"Promoters of performing arts, sports, and similar events",3.4,1.6
7114,"Agents and managers for artists, athletes, entertainers, and other public figures",0.5,0.1
712,"Museums, historical sites, and similar institutions",3.7,1.7
713,"Amusement, gambling, and recreation industries",3.8,2.1
7131,Amusement parks and arcades,6.2,4.5
71311,Amusement and theme parks,6.7,4.9
7132,Gambling industries,3.4,1.9
7139,Other amusement and recreation industries,3.5,1.6
71391,Golf courses and country clubs,4.0,1.8
71392,Skiing facilities,10.2,6.0
71393,Marinas,3.3,2.6
71394,Fitness and recreational sports centers,2.5,1.1
71395,Bowling centers,2.7,1.3
71399,All other amusement and recreation industries,3.7,1.6
72,Accommodation and food services,3.2,1.3
721,Accommodation,4.3,2.4
7211,Traveler accommodation,4.4,2.5
72111,Hotels (except casino hotels) and motels,4.5,2.6
72112,Casino hotels,3.8,2.0
72119,Other traveler accommodation,2.3,1.8
7212,Rv (recreational vehicle) parks and recreational camps,3.0,1.1
72121,Rv (recreational vehicle) parks and recreational camps,3.0,1.1
721211,Rv (recreational vehicle) parks and campgrounds,1.1,0.4
7213,Rooming and boarding houses,4.0,3.0
722,Food services and drinking places,3.0,1.1
7223,Special food services,3.7,1.8
7224,Drinking places (alcoholic beverages),1.2,0.4
7225,Restaurants and other eating places,3.0,1.0
72251,Restaurants and other eating places,3.0,1.0
722511,Full-service restaurants,2.8,1.0
722513,Limited-service restaurants,3.0,1.1
722514,"Cafeterias, grill buffets, and buffets",3.3,1.5
722515,Snack and nonalcoholic beverage bars,4.7,1.1
81,Other services (except public administration),2.1,1.1
811,Repair and maintenance,2.6,1.4
8111,Automotive repair and maintenance,2.6,1.4
8112,Electronic and precision equipment repair and maintenance,0,1.2
8113,Commercial and industrial machinery and equipment (ex auto and electronic) repair and maintenance,2.7,1.5
8114,Personal and household goods repair and maintenance,2.3,0.7
812,Personal and laundry services,1.8,1.1
8121,Personal care services,0.5,0.4
8122,Death care services,2.6,1.6
8123,Drycleaning and laundry services,3.1,2.2
81232,Drycleaning and laundry services (except coin-operated),1.1,0.6
81233,Linen and uniform supply,5.1,3.8
812331,Linen supply,5.8,4.0
812332,Industrial launderers,4.5,3.5
8129,Other personal services,2.6,1.3
81291,Pet care (except veterinary) services,5.2,2.3
81292,Photofinishing,1.6,0.9
81293,Parking lots and garages,1.6,1.0
813,"Religious, grantmaking, civic, professional, and similar organizations",1.7,0.7
61,Educational services,1.8,0.8
611,Educational services,1.8,0.8
6113,"Colleges, universities, and professional schools",1.8,0.8
62,Health care and social assistance,7.1,4.1
622,Hospitals,7.7,4.3
623,Nursing and residential care facilities,10.9,7.0
92,Public administration,3.8,1.9
922,"Justice, public order, and safety activities",5.9,3.1
9221,"Justice, public order, and safety activities",5.9,3.1
92212,Police protection,7.2,3.4
92214,Correctional institutions,7.9,4.1
22,Utilities,5.0,2.7
221,Utilities,5.0,2.7
2213,"Water, sewage and other systems",5.4,3.0
61,Educational services,3.8,1.5
611,Educational services,3.8,1.5
6111,Elementary and secondary schools,3.9,1.5
62,Health care and social assistance,4.8,2.0
622,Hospitals,5.1,1.9
623,Nursing and residential care facilities,6.0,3.9
92,Public administration,6.5,3.5
